{"cameraMode":{"drawMode":0,"name":"Shaded","section":"Shading Mode"},"sceneLighting":true,"audioPlay":false,"sceneViewState":{"m_AlwaysRefresh":false,"showFog":true,"showSkybox":true,"showFlares":true,"showImageEffects":true,"showParticleSystems":true,"showVisualEffectGraphs":true,"m_FxEnabled":true},"in2DMode":false,"pivot":{"x":-54.843719482421878,"y":38.6675910949707,"z":-15.599983215332032},"rotation":{"x":-0.010124658234417439,"y":0.9884652495384216,"z":-0.13004331290721894,"w":-0.07695771008729935},"size":67.47377014160156,"orthographic":false}